,0
0,RBN_11_1_777_1.bn
1,RBN_11_4_777_2.bn
2,RBN_11_7_777_3.bn
3,RBN_11_13_777_4.bn
4,RBN_11_14_777_5.bn
5,RBN_11_16_777_6.bn
6,RBN_11_18_777_7.bn
7,RBN_11_19_777_8.bn
8,RBN_11_20_777_9.bn
9,RBN_11_21_777_10.bn
10,RBN_11_22_777_11.bn
11,RBN_11_26_777_12.bn
12,RBN_12_28_777_1.bn
13,RBN_12_29_777_2.bn
14,RBN_12_30_777_3.bn
15,RBN_12_31_777_4.bn
16,RBN_12_32_777_5.bn
17,RBN_12_37_777_6.bn
18,RBN_12_39_777_7.bn
19,RBN_12_40_777_8.bn
20,RBN_12_41_777_9.bn
21,RBN_12_42_777_10.bn
22,RBN_12_43_777_11.bn
23,RBN_12_46_777_12.bn
24,RBN_13_47_777_1.bn
25,RBN_13_48_777_2.bn
26,RBN_13_50_777_3.bn
27,RBN_13_51_777_4.bn
28,RBN_13_54_777_5.bn
29,RBN_13_56_777_6.bn
30,RBN_13_57_777_7.bn
31,RBN_13_59_777_8.bn
32,RBN_13_61_777_9.bn
33,RBN_13_64_777_10.bn
34,RBN_13_67_777_11.bn
35,RBN_13_70_777_12.bn
36,RBN_14_71_777_1.bn
37,RBN_14_73_777_2.bn
38,RBN_14_75_777_3.bn
39,RBN_14_76_777_4.bn
40,RBN_14_78_777_5.bn
41,RBN_14_79_777_6.bn
42,RBN_14_80_777_7.bn
43,RBN_14_82_777_8.bn
44,RBN_14_84_777_9.bn
45,RBN_14_86_777_10.bn
46,RBN_14_90_777_11.bn
47,RBN_14_91_777_12.bn
48,RBN_15_95_777_1.bn
49,RBN_15_97_777_2.bn
50,RBN_15_100_777_3.bn
51,RBN_15_102_777_4.bn
52,RBN_15_103_777_5.bn
53,RBN_15_108_777_6.bn
54,RBN_15_110_777_7.bn
55,RBN_15_113_777_8.bn
56,RBN_15_116_777_9.bn
57,RBN_15_117_777_10.bn
58,RBN_15_120_777_11.bn
59,RBN_15_129_777_12.bn
60,RBN_16_132_777_1.bn
61,RBN_16_135_777_2.bn
62,RBN_16_136_777_3.bn
63,RBN_16_137_777_4.bn
64,RBN_16_138_777_5.bn
65,RBN_16_149_777_6.bn
66,RBN_16_156_777_7.bn
67,RBN_16_161_777_8.bn
68,RBN_16_173_777_9.bn
69,RBN_16_176_777_10.bn
70,RBN_16_184_777_11.bn
71,RBN_16_185_777_12.bn
72,RBN_17_191_777_1.bn
73,RBN_17_192_777_2.bn
74,RBN_17_193_777_3.bn
75,RBN_17_194_777_4.bn
76,RBN_17_195_777_5.bn
77,RBN_17_196_777_6.bn
78,RBN_17_198_777_7.bn
79,RBN_17_199_777_8.bn
80,RBN_17_200_777_9.bn
81,RBN_17_206_777_10.bn
82,RBN_17_211_777_11.bn
83,RBN_17_232_777_12.bn
84,RBN_18_233_777_1.bn
85,RBN_18_236_777_2.bn
86,RBN_18_237_777_3.bn
87,RBN_18_239_777_4.bn
88,RBN_18_240_777_5.bn
89,RBN_18_242_777_6.bn
90,RBN_18_253_777_7.bn
91,RBN_18_259_777_8.bn
92,RBN_18_275_777_9.bn
93,RBN_18_280_777_10.bn
94,RBN_18_282_777_11.bn
95,RBN_18_283_777_12.bn
96,RBN_19_284_777_1.bn
97,RBN_19_285_777_2.bn
98,RBN_19_291_777_3.bn
99,RBN_19_292_777_4.bn
100,RBN_19_294_777_5.bn
101,RBN_19_298_777_6.bn
102,RBN_19_299_777_7.bn
103,RBN_19_300_777_8.bn
104,RBN_19_301_777_9.bn
105,RBN_19_302_777_10.bn
106,RBN_19_306_777_11.bn
107,RBN_19_316_777_12.bn
108,RBN_20_320_777_1.bn
109,RBN_20_326_777_2.bn
110,RBN_20_328_777_3.bn
111,RBN_20_330_777_4.bn
112,RBN_20_334_777_5.bn
113,RBN_20_337_777_6.bn
114,RBN_20_339_777_7.bn
115,RBN_20_354_777_8.bn
116,RBN_20_357_777_9.bn
117,RBN_20_371_777_10.bn
118,RBN_20_381_777_11.bn
119,RBN_20_386_777_12.bn
